<i>
  <i image="walk1_0.png" delay="180" x="-27" y="-82"/>
  <i image="walk1_1.png" delay="180" x="-27" y="-82"/>
  <i image="walk1_2.png" delay="180" x="-27" y="-82"/>
  <i image="walk1_3.png" delay="180" x="-27" y="-82"/>
  <i image="stand1_0.png" delay="500" x="-27" y="-82"/>
  <i image="stand1_1.png" delay="500" x="-27" y="-82"/>
  <i image="stand1_2.png" delay="500" x="-27" y="-82"/>
  <i image="stand1_3.png" delay="500" x="-27" y="-82"/>
  <i image="stand1_4.png" delay="500" x="-27" y="-82"/>
  <i image="alert_0.png" delay="500" x="-27" y="-81"/>
  <i image="alert_1.png" delay="500" x="-27" y="-81"/>
  <i image="alert_2.png" delay="500" x="-27" y="-81"/>
  <i image="alert_3.png" delay="500" x="-27" y="-81"/>
  <i image="alert_4.png" delay="500" x="-27" y="-81"/>
  <i image="swingO1_0.png" delay="300" x="-53" y="-81"/>
  <i image="swingO1_1.png" delay="150" x="-53" y="-81"/>
  <i image="swingO1_2.png" delay="350" x="-53" y="-81"/>
  <i image="swingO2_0.png" delay="300" x="-27" y="-83"/>
  <i image="swingO2_1.png" delay="150" x="-27" y="-83"/>
  <i image="swingO2_2.png" delay="350" x="-27" y="-83"/>
  <i image="swingO3_0.png" delay="300" x="-30" y="-83"/>
  <i image="swingO3_1.png" delay="150" x="-30" y="-83"/>
  <i image="swingO3_2.png" delay="350" x="-30" y="-83"/>
  <i image="swingOF_0.png" delay="200" x="-26" y="-90"/>
  <i image="swingOF_1.png" delay="100" x="-26" y="-90"/>
  <i image="swingOF_2.png" delay="100" x="-26" y="-90"/>
  <i image="swingOF_3.png" delay="300" x="-26" y="-90"/>
  <i image="stabO1_0.png" delay="350" x="-27" y="-79"/>
  <i image="stabO1_1.png" delay="450" x="-27" y="-79"/>
  <i image="stabO2_0.png" delay="350" x="-27" y="-82"/>
  <i image="stabO2_1.png" delay="450" x="-27" y="-82"/>
  <i image="stabOF_0.png" delay="250" x="-26" y="-80"/>
  <i image="stabOF_1.png" delay="150" x="-26" y="-80"/>
  <i image="stabOF_2.png" delay="300" x="-26" y="-80"/>
  <i image="proneStab_0.png" delay="300" x="-17" y="-54"/>
  <i image="proneStab_1.png" delay="400" x="-17" y="-54"/>
  <i image="prone_0.png" delay="100" x="-17" y="-54"/>
  <i image="heal_0.png" delay="300" x="-27" y="-83"/>
  <i image="heal_1.png" delay="150" x="-27" y="-83"/>
  <i image="heal_2.png" delay="350" x="-27" y="-83"/>
  <i image="fly_0.png" delay="300" x="-27" y="-87"/>
  <i image="fly_1.png" delay="300" x="-27" y="-87"/>
  <i image="jump_0.png" delay="200" x="-27" y="-80"/>
  <i image="sit_0.png" delay="100" x="-30" y="-78"/>
  <i image="ladder_0.png" delay="250" x="-32" y="-76"/>
  <i image="ladder_1.png" delay="250" x="-32" y="-76"/>
  <i image="rope_0.png" delay="250" x="-31" y="-79"/>
  <i image="rope_1.png" delay="250" x="-31" y="-79"/>
</i>